District	Indicator 1 Definition	Indicator 2	Prov Name	Continuous 1	Geometry	Latitude (generated)	Longitude (generated)
Zurmat	Number of persons excluding nomadic population (according to official estimates)		Paktya	111,604.0	Polygon	33.422466954	69.017191800
Zindajan	Number of persons excluding nomadic population (according to official estimates)		Hirat	59,278.0	Polygon	34.264937809	61.817245579
Zhiray	Number of persons excluding nomadic population (according to official estimates)		Kandahar	89,039.0	Polygon	31.659400358	65.383710344
‌‌Zerok‌‎‌‎‌‎	Number of persons excluding nomadic population (according to official estimates)		Pakteka	20,003.0	Polygon	33.158359314	69.305637619
Zebak	Number of persons excluding nomadic population (according to official estimates)		Badakhshan	8,172.0	Polygon	36.361303067	71.272311568
Zari	Number of persons excluding nomadic population (according to official estimates)		Balkh	45,496.0	Polygon	35.860436954	66.714557198
Zarghonshahr	Number of persons excluding nomadic population (according to official estimates)		Pakteka	30,980.0	Polygon	32.874958629	68.442356797
Zaranj	Number of persons excluding nomadic population (according to official estimates)		Nemroz	59,308.0	Polygon	30.904818393	62.045472518
Zanakhan	Number of persons excluding nomadic population (according to official estimates)		Ghazni	13,051.0	Polygon	33.678993881	68.648644853
Zadran	Number of persons excluding nomadic population (according to official estimates)		Paktya	36,836.0	Polygon	33.416215498	69.424522435
Yosufkhel	Number of persons excluding nomadic population (according to official estimates)		Pakteka	14,027.0	Polygon	33.036413346	68.657889075
Yawan	Number of persons excluding nomadic population (according to official estimates)		Badakhshan	33,664.0	Polygon	37.514600876	70.388242843
Yangiqala	Number of persons excluding nomadic population (according to official estimates)		Takhar	46,384.0	Polygon	37.455572044	69.660755945
Yamgan	Number of persons excluding nomadic population (according to official estimates)		Badakhshan	26,712.0	Polygon	36.432053798	70.784599740
Yakawlang	Number of persons excluding nomadic population (according to official estimates)		Bamyan	63,181.0	Polygon	35.039947647	66.994870950
Yahyakhel	Number of persons excluding nomadic population (according to official estimates)		Pakteka	18,052.0	Polygon	32.905985275	68.639030969
Yaftal-e-Sufla	Number of persons excluding nomadic population (according to official estimates)		Badakhshan	54,765.0	Polygon	37.292506237	70.361648540
Wormamay	Number of persons excluding nomadic population (according to official estimates)		Pakteka	3,660.0	Polygon	31.962903869	68.809059032
Wazakhah	Number of persons excluding nomadic population (according to official estimates)		Pakteka	24,028.0	Polygon	32.223649509	68.277199735
Waygal	Number of persons excluding nomadic population (according to official estimates)		Noristan	20,369.0	Polygon	35.181413210	70.997138460
Watapor	Number of persons excluding nomadic population (according to official estimates)		Kunarha	28,419.0	Polygon	34.972028895	71.079463957
Washer	Number of persons excluding nomadic population (according to official estimates)		Hilmand	16,222.0	Polygon	32.065660895	63.938510547
Warsaj	Number of persons excluding nomadic population (according to official estimates)		Takhar	39,397.0	Polygon	36.104684106	70.158582544
Warduj	Number of persons excluding nomadic population (according to official estimates)		Badakhshan	22,686.0	Polygon	36.790874226	71.142939760
Waras	Number of persons excluding nomadic population (according to official estimates)		Bamyan	113,190.0	Polygon	34.163207851	66.930111906
Wama	Number of persons excluding nomadic population (according to official estimates)		Noristan	11,466.0	Polygon	35.107367766	70.719287940
Walemuhammad-e- Shahed	Number of persons excluding nomadic population (according to official estimates)		Ghazni	20,857.0	Polygon	33.564028209	68.309528881
Wakhan	Number of persons excluding nomadic population (according to official estimates)		Badakhshan	15,490.0	Polygon	37.030947768	73.220084625
Waghaz	Number of persons excluding nomadic population (according to official estimates)		Ghazni	40,006.0	Polygon	33.420537156	68.226157117
Urgun	Number of persons excluding nomadic population (according to official estimates)		Pakteka	57,326.0	Polygon	32.963343895	69.206726841
Turwo	Number of persons excluding nomadic population (according to official estimates)		Pakteka	2,196.0	Polygon	31.886465834	68.405391246
Tolak	Number of persons excluding nomadic population (according to official estimates)		Ghor	53,424.0	Polygon	34.003325034	63.675798905
Tirezayi	Number of persons excluding nomadic population (according to official estimates)		Khost	46,349.0	Polygon	33.382291717	70.127284853
Tirenkot	Number of persons excluding nomadic population (according to official estimates)		Uruzgan	106,657.0	Polygon	32.654959693	65.849924262
Teshkan	Number of persons excluding nomadic population (according to official estimates)		Badakhshan	30,980.0	Polygon	36.800862160	70.366348332
Taywarah	Number of persons excluding nomadic population (according to official estimates)		Ghor	94,893.0	Polygon	33.514123527	64.401050401
Tarnak Wa Jaldak	Number of persons excluding nomadic population (according to official estimates)		Zabul	17,808.0	Polygon	31.905151025	66.516030329
Tani	Number of persons excluding nomadic population (according to official estimates)		Khost	61,840.0	Polygon	33.204651856	69.735546197
Taluqan	Number of persons excluding nomadic population (according to official estimates)		Takhar	235,726.0	Polygon	36.742722039	69.523116212
Tala Wa Barfak	Number of persons excluding nomadic population (according to official estimates)		Baghlan	31,347.0	Polygon	35.238660840	68.342849197
Tagab	Number of persons excluding nomadic population (according to official estimates)		Kapisa	83,916.0	Polygon	34.803659281	69.649528716
Tagab	Number of persons excluding nomadic population (according to official estimates)		Badakhshan	29,152.0	Polygon	36.479764464	70.341949021
Surkhrod	Number of persons excluding nomadic population (according to official estimates)		Nangarhar	125,021.0	Polygon	34.420675662	70.317617181
Surkh-e- Parsa	Number of persons excluding nomadic population (according to official estimates)		Parwan	42,446.0	Polygon	34.742986202	68.643354822
Spera	Number of persons excluding nomadic population (according to official estimates)		Khost	25,248.0	Polygon	33.162749723	69.469381861
Spenboldak	Number of persons excluding nomadic population (according to official estimates)		Kandahar	104,408.0	Polygon	30.952221688	66.135406632
Sozmaqala	Number of persons excluding nomadic population (according to official estimates)		Sar-e-Pul	51,350.0	Polygon	36.042880648	66.207130491
Shutul	Number of persons excluding nomadic population (according to official estimates)		Panjsher	11,344.0	Polygon	35.289160576	69.300461015
Shumulzay	Number of persons excluding nomadic population (according to official estimates)		Zabul	26,834.0	Polygon	31.834887649	67.776620818
Shuhada	Number of persons excluding nomadic population (according to official estimates)		Badakhshan	35,860.0	Polygon	37.061091431	71.185927839
Shortepa	Number of persons excluding nomadic population (according to official estimates)		Balkh	41,104.0	Polygon	37.213476914	66.832580182
Shorabak	Number of persons excluding nomadic population (according to official estimates)		Kandahar	11,953.0	Polygon	30.196942332	66.033526189
Sholgareh	Number of persons excluding nomadic population (according to official estimates)		Balkh	118,418.0	Polygon	36.292985519	66.864804860
Shirentagab	Number of persons excluding nomadic population (according to official estimates)		Faryab	84,526.0	Polygon	36.248159799	64.845945664
Shindand	Number of persons excluding nomadic population (according to official estimates)		Hirat	185,683.0	Polygon	33.266401800	61.777242282
Shighnan	Number of persons excluding nomadic population (according to official estimates)		Badakhshan	28,908.0	Polygon	37.608850078	71.366023008
Shiberghan	Number of persons excluding nomadic population (according to official estimates)		Jawzjan	174,927.0	Polygon	36.626436374	65.778410437
Sherzad	Number of persons excluding nomadic population (according to official estimates)		Nangarhar	68,792.0	Polygon	34.181063512	69.928430683
Shenwari	Number of persons excluding nomadic population (according to official estimates)		Parwan	42,690.0	Polygon	35.135028328	68.973097601
Shenwar	Number of persons excluding nomadic population (according to official estimates)		Nangarhar	62,206.0	Polygon	34.205903552	70.816900789
Shenkay	Number of persons excluding nomadic population (according to official estimates)		Zabul	24,394.0	Polygon	31.933383358	67.180963780
Shekhali	Number of persons excluding nomadic population (according to official estimates)		Parwan	25,614.0	Polygon	34.961070760	68.393193815
Shegal Wa Shiltan	Number of persons excluding nomadic population (according to official estimates)		Kunarha	30,371.0	Polygon	35.019947278	71.233755772
Shebkoh	Number of persons excluding nomadic population (according to official estimates)		Farah	24,272.0	Polygon	32.139109394	61.359456776
Shebar	Number of persons excluding nomadic population (according to official estimates)		Bamyan	30,615.0	Polygon	34.891351302	68.027678947
Shawak	Number of persons excluding nomadic population (according to official estimates)		Paktya	5,732.0	Polygon	33.476480639	69.331665879
Sharan	Number of persons excluding nomadic population (according to official estimates)		Pakteka	52,062.0	Polygon	33.212750462	68.747296167
Sharak-e-Hayratan	Number of persons excluding nomadic population (according to official estimates)		Balkh		Polygon	37.211588257	67.392091690
Shamal	Number of persons excluding nomadic population (according to official estimates)		Khost	14,149.0	Polygon	33.321152675	69.533903139
Shaki	Number of persons excluding nomadic population (according to official estimates)		Badakhshan	27,322.0	Polygon	38.216157400	70.697575853
Shakardara	Number of persons excluding nomadic population (according to official estimates)		Kabul	85,380.0	Polygon	34.668270248	69.062440208
Shahwalekot	Number of persons excluding nomadic population (according to official estimates)		Kandahar	45,007.0	Polygon	32.139936302	66.033262214
Shahristan	Number of persons excluding nomadic population (according to official estimates)		Daykundi		Polygon	33.694575254	66.480493568
Shahrak	Number of persons excluding nomadic population (according to official estimates)		Ghor	62,083.0	Polygon	34.225391758	64.289289174
Shahr-e-Buzorg	Number of persons excluding nomadic population (according to official estimates)		Badakhshan	54,278.0	Polygon	37.315953022	70.144747448
Shahjoy	Number of persons excluding nomadic population (according to official estimates)		Zabul	60,620.0	Polygon	32.494160676	67.350653448
Shahed-e-Hassas	Number of persons excluding nomadic population (according to official estimates)		Uruzgan	61,230.0	Polygon	32.932212476	65.538665599
Sayghan	Number of persons excluding nomadic population (according to official estimates)		Bamyan	24,882.0	Polygon	35.124415657	67.624207420
Sayedkaram	Number of persons excluding nomadic population (according to official estimates)		Paktya	57,814.0	Polygon	33.731336318	69.469893170
Saydkhel	Number of persons excluding nomadic population (according to official estimates)		Parwan	47,325.0	Polygon	35.047240067	69.282208083
Saydabad	Number of persons excluding nomadic population (according to official estimates)		Maydanwardag	120,508.0	Polygon	33.934722606	68.676362707
Sayad	Number of persons excluding nomadic population (according to official estimates)		Sar-e-Pul	56,595.0	Polygon	36.072841767	65.643409350
Sarrawzah(Sarhawzah)	Number of persons excluding nomadic population (according to official estimates)		Pakteka	24,028.0	Polygon	33.065402373	69.044573089
Sarobi	Number of persons excluding nomadic population (according to official estimates)		Pakteka	12,929.0	Polygon	32.785070458	69.124284807
Sarobi	Number of persons excluding nomadic population (according to official estimates)		Kabul	57,570.0	Polygon	34.519741984	69.718181244
Sarkani	Number of persons excluding nomadic population (according to official estimates)		Kunarha	28,298.0	Polygon	34.705403106	71.086416155
Sar-e-Pul	Number of persons excluding nomadic population (according to official estimates)		Sar-e-Pul	161,735.0	Polygon	36.290563550	66.014189626
Sangen	Number of persons excluding nomadic population (according to official estimates)		Hilmand	62,084.0	Polygon	32.030163812	64.989244420
Sang-e-Takht	Number of persons excluding nomadic population (according to official estimates)		Daykundi	52,569.0	Polygon	34.178306196	65.860739652
Sancharak	Number of persons excluding nomadic population (according to official estimates)		Sar-e-Pul	105,306.0	Polygon	35.961748856	66.369243529
Salang	Number of persons excluding nomadic population (according to official estimates)		Parwan	26,955.0	Polygon	35.293997627	69.163208071
Saghar	Number of persons excluding nomadic population (according to official estimates)		Ghor	35,982.0	Polygon	33.663898766	63.743685840
Sabari	Number of persons excluding nomadic population (according to official estimates)		Khost	73,549.0	Polygon	33.492199272	69.952329473
Rustaq	Number of persons excluding nomadic population (according to official estimates)		Takhar	170,572.0	Polygon	37.110427511	69.836849018
Rukha	Number of persons excluding nomadic population (according to official estimates)		Panjsher	23,784.0	Polygon	35.245062233	69.484266088
Roy-e-Doab	Number of persons excluding nomadic population (according to official estimates)		Samangan	47,325.0	Polygon	35.611123457	67.768009684
Rodat	Number of persons excluding nomadic population (according to official estimates)		Nangarhar	71,719.0	Polygon	34.256662326	70.550780885
Reg(khannishen)	Number of persons excluding nomadic population (according to official estimates)		Hilmand	27,322.0	Polygon	30.827185068	63.462323871
Reg	Number of persons excluding nomadic population (according to official estimates)		Kandahar	9,270.0	Polygon	30.162088394	65.221068809
Rashedan	Number of persons excluding nomadic population (according to official estimates)		Ghazni	18,662.0	Polygon	33.705739400	68.192804620
Raghestan	Number of persons excluding nomadic population (according to official estimates)		Badakhshan	41,104.0	Polygon	37.679908119	70.640165060
Qurghan	Number of persons excluding nomadic population (according to official estimates)		Faryab	48,911.0	Polygon	37.030481622	64.979907615
Qoshtepa	Number of persons excluding nomadic population (according to official estimates)		Jawzjan	24,394.0	Polygon	36.259352287	65.383909406
Qaysar	Number of persons excluding nomadic population (according to official estimates)		Faryab	147,829.0	Polygon	35.659880451	64.199613415
Qarqen	Number of persons excluding nomadic population (according to official estimates)		Jawzjan	25,739.0	Polygon	37.299548336	66.032927112
Qarghayi	Number of persons excluding nomadic population (according to official estimates)		Laghman	101,724.0	Polygon	34.543503637	70.214522919
Qaramqol	Number of persons excluding nomadic population (according to official estimates)		Faryab	20,370.0	Polygon	36.779610610	64.974494952
Qarabagh	Number of persons excluding nomadic population (according to official estimates)		Kabul	79,282.0	Polygon	34.839495734	69.166569035
Qarabagh	Number of persons excluding nomadic population (according to official estimates)		Ghazni	148,195.0	Polygon	33.221892166	67.999784276
Qalat	Number of persons excluding nomadic population (according to official estimates)		Zabul	36,951.0	Polygon	32.187365562	66.953465011
Qalandar	Number of persons excluding nomadic population (according to official estimates)		Khost	10,612.0	Polygon	33.488231124	69.634336081
Qala-ye-Kah	Number of persons excluding nomadic population (according to official estimates)		Farah	31,956.0	Polygon	32.497441186	61.249601272
Qala-e-Zal	Number of persons excluding nomadic population (according to official estimates)		Kunduz	72,621.0	Polygon	36.869393946	68.346936197
Qala-e-Naw	Number of persons excluding nomadic population (according to official estimates)		Badghes	68,869.0	Polygon	34.861003151	63.130680733
Qades	Number of persons excluding nomadic population (according to official estimates)		Badghes	94,406.0	Polygon	34.798054078	63.578056599
Pushtrod	Number of persons excluding nomadic population (according to official estimates)		Farah	42,202.0	Polygon	32.514573310	62.125107074
Purchaman	Number of persons excluding nomadic population (according to official estimates)		Farah	55,497.0	Polygon	33.184444562	63.723166909
Pul-e-Hisar	Number of persons excluding nomadic population (according to official estimates)		Baghlan	28,663.0	Polygon	35.586620287	69.535737123
Pul-e- khumri	Number of persons excluding nomadic population (according to official estimates)		Baghlan	220,311.0	Polygon	36.011945732	68.636293340
Pul-e- Alam	Number of persons excluding nomadic population (according to official estimates)		Logar	109,848.0	Polygon	33.991566199	69.046969093
Patoo	Number of persons excluding nomadic population (according to official estimates)		Daykundi	69,036.0	Polygon	33.381035660	66.022427625
Pashtonzarghon	Number of persons excluding nomadic population (according to official estimates)		Hirat	104,042.0	Polygon	34.132019505	62.728806156
Pashtonkot	Number of persons excluding nomadic population (according to official estimates)		Faryab	195,886.0	Polygon	35.838938496	64.782671727
Pasaband	Number of persons excluding nomadic population (according to official estimates)		Ghor	98,431.0	Polygon	33.687136736	65.132795081
Paryan	Number of persons excluding nomadic population (according to official estimates)		Panjsher	15,368.0	Polygon	35.678605075	70.063764252
Paron	Number of persons excluding nomadic population (according to official estimates)		Noristan	14,027.0	Polygon	35.421264223	70.787778830
Panjwayi	Number of persons excluding nomadic population (according to official estimates)		Kandahar	90,381.0	Polygon	31.111277170	65.198619287
Panjab	Number of persons excluding nomadic population (according to official estimates)		Bamyan	70,744.0	Polygon	34.386889628	66.930672889
Paghman	Number of persons excluding nomadic population (according to official estimates)		Kabul	126,625.0	Polygon	34.541028093	68.946488000
Pacheragam	Number of persons excluding nomadic population (according to official estimates)		Nangarhar	44,154.0	Polygon	34.077160931	70.302234748
Onaba(Anawa)	Number of persons excluding nomadic population (according to official estimates)		Panjsher	18,662.0	Polygon	35.211772636	69.401659551
Omna	Number of persons excluding nomadic population (according to official estimates)		Pakteka	12,563.0	Polygon	32.917358601	68.810712848
Obi	Number of persons excluding nomadic population (according to official estimates)		Hirat	78,714.0	Polygon	34.380977115	63.292025557
Norgiram	Number of persons excluding nomadic population (according to official estimates)		Noristan	33,542.0	Polygon	35.073994912	70.469496047
Norgal	Number of persons excluding nomadic population (according to official estimates)		Kunarha	32,810.0	Polygon	34.700584462	70.728238932
Nirkh	Number of persons excluding nomadic population (according to official estimates)		Maydanwardag	59,156.0	Polygon	34.326460714	68.771485018
Nijrab	Number of persons excluding nomadic population (according to official estimates)		Kapisa	116,604.0	Polygon	35.041318168	69.632484543
Nesh	Number of persons excluding nomadic population (according to official estimates)		Kandahar	13,904.0	Polygon	32.375531971	65.707706942
Neli	Number of persons excluding nomadic population (according to official estimates)		Daykundi	42,324.0	Polygon	33.741084657	66.078538477
Neka‌‎‌‎‌‎‌‎	Number of persons excluding nomadic population (according to official estimates)		Pakteka	12,929.0	Polygon	33.217785905	69.227755923
Nazyan	Number of persons excluding nomadic population (according to official estimates)		Nangarhar	15,246.0	Polygon	34.055839045	70.799090718
Nawzad	Number of persons excluding nomadic population (according to official estimates)		Hilmand	52,814.0	Polygon	32.615930864	64.486159545
Nawur	Number of persons excluding nomadic population (according to official estimates)		Ghazni	98,187.0	Polygon	33.799362036	67.787358131
Nawbahar	Number of persons excluding nomadic population (according to official estimates)		Zabul	19,516.0	Polygon	32.199901753	67.585131355
Nawa-e-Barakzaiy	Number of persons excluding nomadic population (according to official estimates)		Hilmand	96,479.0	Polygon	31.355970719	64.217748897
Nawa	Number of persons excluding nomadic population (according to official estimates)		Ghazni	30,859.0	Polygon	32.306336257	67.926739510
Nari	Number of persons excluding nomadic population (according to official estimates)		Kunarha	28,664.0	Polygon	35.177373262	71.508298475
Narang	Number of persons excluding nomadic population (according to official estimates)		Kunarha	31,346.0	Polygon	34.817816315	71.019069053
Namakab	Number of persons excluding nomadic population (according to official estimates)		Takhar	12,685.0	Polygon	36.431875398	69.694929621
Nahren	Number of persons excluding nomadic population (according to official estimates)		Baghlan	71,883.0	Polygon	36.004002426	69.020081194
Nahr-e-Saraj	Number of persons excluding nomadic population (according to official estimates)		Hilmand	122,067.0	Polygon	31.894542133	64.596217768
Nahr-e- Shahi	Number of persons excluding nomadic population (according to official estimates)		Balkh	46,593.0	Polygon	36.827572450	67.233530086
Nadirshahkot	Number of persons excluding nomadic population (according to official estimates)		Khost	33,054.0	Polygon	33.386827127	69.687168617
Nad-e-Ali	Number of persons excluding nomadic population (according to official estimates)		Hilmand	94,649.0	Polygon	31.598961083	63.835033884
Murghab	Number of persons excluding nomadic population (according to official estimates)		Badghes	100,870.0	Polygon	35.496473140	63.489880879
Muqur	Number of persons excluding nomadic population (according to official estimates)		Ghazni	52,204.0	Polygon	32.925360053	67.796248965
Muqur	Number of persons excluding nomadic population (according to official estimates)		Badghes	24,638.0	Polygon	35.108165906	63.260315052
Muhmanddara	Number of persons excluding nomadic population (according to official estimates)		Nangarhar	46,593.0	Polygon	34.225081340	70.971157984
Muhammadagha	Number of persons excluding nomadic population (according to official estimates)		Logar	78,306.0	Polygon	34.201217657	69.194121594
Mosaqala	Number of persons excluding nomadic population (according to official estimates)		Hilmand	61,352.0	Polygon	32.401421753	64.823719037
Mosakhel	Number of persons excluding nomadic population (according to official estimates)		Khost	42,568.0	Polygon	33.539478290	69.683320175
Mosahi	Number of persons excluding nomadic population (according to official estimates)		Kabul	24,272.0	Polygon	34.374201733	69.217468482
Miyanshen	Number of persons excluding nomadic population (according to official estimates)		Kandahar	15,612.0	Polygon	32.398281428	66.324313035
Mirbachakot	Number of persons excluding nomadic population (according to official estimates)		Kabul	54,278.0	Polygon	34.739821496	69.107804239
Mingajek	Number of persons excluding nomadic population (according to official estimates)		Jawzjan	44,520.0	Polygon	37.048167050	65.988830780
Mihtarlam	Number of persons excluding nomadic population (according to official estimates)		Laghman	134,576.0	Polygon	34.666954094	70.071717675
Mezan	Number of persons excluding nomadic population (according to official estimates)		Zabul	14,270.0	Polygon	32.183380531	66.500889197
Meramor	Number of persons excluding nomadic population (according to official estimates)		Daykundi	65,011.0	Polygon	33.826511837	66.987777226
Mazar-e-Sharif	Number of persons excluding nomadic population (according to official estimates)		Balkh	415,053.0			
Maywand	Number of persons excluding nomadic population (according to official estimates)		Kandahar	60,864.0	Polygon	31.566969904	64.934990470
Maymana	Number of persons excluding nomadic population (according to official estimates)		Faryab	86,051.0			
Maydanshahr	Number of persons excluding nomadic population (according to official estimates)		Maydanwardag	41,959.0	Polygon	34.464309201	68.848882405
Maton	Number of persons excluding nomadic population (according to official estimates)		Khost	143,026.0	Polygon	33.329363917	69.993820072
Matakhan	Number of persons excluding nomadic population (according to official estimates)		Pakteka	25,858.0	Polygon	33.279236341	68.863406784
Marof	Number of persons excluding nomadic population (according to official estimates)		Kandahar	34,274.0	Polygon	31.489194810	67.274402286
Marmul	Number of persons excluding nomadic population (according to official estimates)		Balkh	11,832.0	Polygon	36.541540494	67.388980316
Markaz-e-Bihsod	Number of persons excluding nomadic population (according to official estimates)		Maydanwardag	123,801.0	Polygon	34.359493041	67.654121424
Mardyan	Number of persons excluding nomadic population (according to official estimates)		Jawzjan	40,006.0	Polygon	37.047888143	66.322774292
Marawara	Number of persons excluding nomadic population (according to official estimates)		Kunarha	21,223.0	Polygon	34.856211447	71.219827788
Mandozayi	Number of persons excluding nomadic population (according to official estimates)		Khost	58,546.0	Polygon	33.336522064	69.803568564
Mandol	Number of persons excluding nomadic population (according to official estimates)		Noristan	20,491.0	Polygon	35.385320560	70.208195397
Malistan	Number of persons excluding nomadic population (according to official estimates)		Ghazni	85,136.0	Polygon	33.279367749	67.240793677
Mahmod-e- Raqi	Number of persons excluding nomadic population (according to official estimates)		Kapisa	66,719.0	Polygon	35.012329506	69.382066084
Lijaahmadkhel	Number of persons excluding nomadic population (according to official estimates)		Paktya	23,662.0	Polygon	33.797792209	69.605361926
Lashkargah	Number of persons excluding nomadic population (according to official estimates)		Hilmand	108,174.0	Polygon	31.451535588	64.522943769
Lash-e-Juwayn	Number of persons excluding nomadic population (according to official estimates)		Farah	29,029.0	Polygon	31.758846643	61.322828522
Lalpor	Number of persons excluding nomadic population (according to official estimates)		Nangarhar	21,223.0	Polygon	34.322068110	71.017770453
Lal Wa Sarjangal	Number of persons excluding nomadic population (according to official estimates)		Ghor	116,238.0	Polygon	34.567172951	66.208737498
Kushk-e-Kuhna	Number of persons excluding nomadic population (according to official estimates)		Hirat	47,447.0	Polygon	34.977560349	62.629218285
Kushk	Number of persons excluding nomadic population (according to official estimates)		Hirat	129,560.0	Polygon	35.013721116	62.201428145
Kunduz	Number of persons excluding nomadic population (according to official estimates)		Kunduz	323,956.0	Polygon	36.792264068	68.860460096
Kozkunar	Number of persons excluding nomadic population (according to official estimates)		Nangarhar	57,082.0	Polygon	34.564644563	70.654578449
Kot	Number of persons excluding nomadic population (according to official estimates)		Nangarhar	54,034.0	Polygon	34.172956312	70.627345939
Koran wa Monjan	Number of persons excluding nomadic population (according to official estimates)		Badakhshan	9,880.0	Polygon	35.902981438	70.698368568
Kohsan	Number of persons excluding nomadic population (according to official estimates)		Hirat	56,472.0	Polygon	34.771747764	61.249098312
Kohistanat	Number of persons excluding nomadic population (according to official estimates)		Sar-e-Pul	83,063.0	Polygon	35.406158930	65.963337538
Kohistan	Number of persons excluding nomadic population (according to official estimates)		Faryab	56,594.0	Polygon	35.349423097	64.956595103
Kohistan	Number of persons excluding nomadic population (according to official estimates)		Badakhshan	17,198.0	Polygon	37.410686166	70.662149289
Kohband	Number of persons excluding nomadic population (according to official estimates)		Kapisa	24,394.0	Polygon	35.110987220	69.460653702
Koh-e- Safi	Number of persons excluding nomadic population (according to official estimates)		Parwan	32,200.0	Polygon	34.754573462	69.468074849
Kofab	Number of persons excluding nomadic population (according to official estimates)		Badakhshan	23,174.0	Polygon	37.957225448	70.699284280
Kishindeh	Number of persons excluding nomadic population (according to official estimates)		Balkh	50,496.0	Polygon	35.926279018	66.929505453
Khwajaumari	Number of persons excluding nomadic population (according to official estimates)		Ghazni	19,637.0	Polygon	33.673221796	68.414670088
Khwajahijran	Number of persons excluding nomadic population (according to official estimates)		Baghlan	54,643.0	Polygon	35.993359342	69.294978687
Khwajaghar	Number of persons excluding nomadic population (according to official estimates)		Takhar	69,720.0	Polygon	37.008715167	69.403914212
Khwajadukoh	Number of persons excluding nomadic population (according to official estimates)		Jawzjan	27,932.0	Polygon	36.935396492	65.619000897
Khwajabahawuddin	Number of persons excluding nomadic population (according to official estimates)		Takhar	24,150.0	Polygon	37.332127256	69.569945541
Khwaja Sabzposh	Number of persons excluding nomadic population (according to official estimates)		Faryab	52,692.0	Polygon	36.046784738	64.973364635
Khwahan	Number of persons excluding nomadic population (according to official estimates)		Badakhshan	17,198.0	Polygon	37.835107906	70.417932612
Khuram Wa Sarbagh	Number of persons excluding nomadic population (according to official estimates)		Samangan	41,348.0	Polygon	35.946376297	68.057425826
Khulm	Number of persons excluding nomadic population (according to official estimates)		Balkh	74,990.0	Polygon	36.842767218	67.681306576
Khost Wa Firing	Number of persons excluding nomadic population (according to official estimates)		Baghlan	65,499.0	Polygon	35.927995125	69.644761514
Khoshi	Number of persons excluding nomadic population (according to official estimates)		Logar	25,004.0	Polygon	33.992404017	69.292073141
Khogyani	Number of persons excluding nomadic population (according to official estimates)		Nangarhar	135,522.0	Polygon	34.261333471	70.084512111
Khinjan	Number of persons excluding nomadic population (according to official estimates)		Baghlan	31,590.0	Polygon	35.453057559	68.986855778
Khinj (Hisa-e- Awal)	Number of persons excluding nomadic population (according to official estimates)		Panjsher	41,470.0	Polygon	35.412666254	69.753091074
Khasuruzgan	Number of persons excluding nomadic population (according to official estimates)		Uruzgan	58,668.0	Polygon	32.977051849	66.729130398
Khaskunar	Number of persons excluding nomadic population (according to official estimates)		Kunarha	36,348.0	Polygon	34.599137860	70.919871627
Khashrod	Number of persons excluding nomadic population (according to official estimates)		Nemroz	26,346.0	Polygon	31.725304043	62.939042918
Khash	Number of persons excluding nomadic population (according to official estimates)		Badakhshan	39,518.0	Polygon	36.951917714	70.714719618
Kharwar	Number of persons excluding nomadic population (according to official estimates)		Logar	27,199.0	Polygon	33.702836658	68.890243363
Khanaqa	Number of persons excluding nomadic population (according to official estimates)		Jawzjan	24,150.0	Polygon	36.790770185	66.063641511
Khanabad	Number of persons excluding nomadic population (according to official estimates)		Kunduz	142,646.0	Polygon	36.645961454	69.105452240
Khan-e-Char Bagh	Number of persons excluding nomadic population (according to official estimates)		Faryab	24,028.0	Polygon	37.135259079	65.238824329
Khamyab	Number of persons excluding nomadic population (according to official estimates)		Jawzjan	14,514.0	Polygon	37.284268116	65.749953198
Khakrez	Number of persons excluding nomadic population (according to official estimates)		Kandahar	23,662.0	Polygon	32.022810563	65.453243233
Khak-e-Safed	Number of persons excluding nomadic population (according to official estimates)		Farah	31,468.0	Polygon	32.749550702	62.103716619
Khak-e-Jabar	Number of persons excluding nomadic population (according to official estimates)		Kabul	14,880.0	Polygon	34.340499870	69.416240248
Khader	Number of persons excluding nomadic population (according to official estimates)		Daykundi	48,423.0	Polygon	33.866088546	65.787182967
keti	Number of persons excluding nomadic population (according to official estimates)		Daykundi	34,762.0	Polygon	33.530459827	65.747660260
Keshem	Number of persons excluding nomadic population (according to official estimates)		Badakhshan	83,916.0	Polygon	36.748309872	70.127355494
Karukh	Number of persons excluding nomadic population (according to official estimates)		Hirat	66,416.0	Polygon	34.483692085	62.656586714
Kang	Number of persons excluding nomadic population (according to official estimates)		Nemroz	23,297.0	Polygon	31.335316175	61.782130592
Kandahar	Number of persons excluding nomadic population (according to official estimates)		Kandahar	548,645.0	Polygon	31.518012080	65.697431325
Kamdesh	Number of persons excluding nomadic population (according to official estimates)		Noristan	26,224.0	Polygon	35.470782908	71.312139451
Kama	Number of persons excluding nomadic population (according to official estimates)		Nangarhar	79,769.0	Polygon	34.446775904	70.681279902
Kaldar	Number of persons excluding nomadic population (according to official estimates)		Balkh	20,736.0	Polygon	37.111493648	67.520117601
Kalakan	Number of persons excluding nomadic population (according to official estimates)		Kabul	31,468.0	Polygon	34.762385665	69.160790185
Kalafgan	Number of persons excluding nomadic population (according to official estimates)		Takhar	36,592.0	Polygon	36.780001970	69.908014879
Kakar	Number of persons excluding nomadic population (according to official estimates)		Zabul	25,004.0	Polygon	32.835683379	67.148995701
Kajran	Number of persons excluding nomadic population (according to official estimates)		Daykundi	36,348.0	Polygon	33.225733904	65.618464537
Kajaki	Number of persons excluding nomadic population (according to official estimates)		Hilmand	74,037.0	Polygon	32.566888868	64.979969052
Kahmard	Number of persons excluding nomadic population (according to official estimates)		Bamyan	37,689.0	Polygon	35.340373366	67.749257692
Kabul	Number of persons excluding nomadic population (according to official estimates)		Kabul	3,817,241.0	Polygon	34.527913060	69.169073653
Jorm	Number of persons excluding nomadic population (according to official estimates)		Badakhshan	39,083.0	Polygon	36.724775075	70.898020147
Jawand	Number of persons excluding nomadic population (according to official estimates)		Badghes	81,843.0	Polygon	34.972066379	64.274701712
Janikhel	Number of persons excluding nomadic population (according to official estimates)		Paktya	36,226.0	Polygon	33.626689903	69.833487505
Janikhel	Number of persons excluding nomadic population (according to official estimates)		Pakteka	24,882.0	Polygon	32.720218588	68.452527946
Jalrez	Number of persons excluding nomadic population (according to official estimates)		Maydanwardag	55,009.0	Polygon	34.521441757	68.589386666
Jalalabad	Number of persons excluding nomadic population (according to official estimates)		Nangarhar	232,901.0			
Jajimaydan	Number of persons excluding nomadic population (according to official estimates)		Khost	25,004.0	Polygon	33.612562004	70.072186259
Jaji	Number of persons excluding nomadic population (according to official estimates)		Paktya	65,377.0	Polygon	33.954034423	69.697367011
Jaghori	Number of persons excluding nomadic population (according to official estimates)		Ghazni	183,201.0	Polygon	33.090560085	67.505360576
Jaghato	Number of persons excluding nomadic population (according to official estimates)		Maydanwardag	47,447.0	Polygon	33.812408196	68.364952888
Jaghato	Number of persons excluding nomadic population (according to official estimates)		Ghazni	32,932.0	Polygon	33.557444941	68.126386640
Jabalussaraj	Number of persons excluding nomadic population (according to official estimates)		Parwan	66,374.0	Polygon	35.129660159	69.202044359
Istalif	Number of persons excluding nomadic population (according to official estimates)		Kabul	34,884.0	Polygon	34.850075613	69.018516913
Ishkmish	Number of persons excluding nomadic population (according to official estimates)		Takhar	61,230.0	Polygon	36.390202741	69.386505497
Injel	Number of persons excluding nomadic population (according to official estimates)		Hirat	253,823.0	Polygon	34.411668780	62.207728971
Imamsahib	Number of persons excluding nomadic population (according to official estimates)		Kunduz	208,981.0	Polygon	37.074314407	68.851102325
Hisarak	Number of persons excluding nomadic population (according to official estimates)		Nangarhar	31,956.0	Polygon	34.246170336	69.743542956
Hisa-e- Duwum-e- Kohistan	Number of persons excluding nomadic population (according to official estimates)		Kapisa	46,715.0	Polygon	35.069168588	69.328034297
Hisa-e- Awal-e- Kohistan	Number of persons excluding nomadic population (according to official estimates)		Kapisa	70,622.0	Polygon	35.135941785	69.334935236
Hisa-e- Awal-e- Bihsod	Number of persons excluding nomadic population (according to official estimates)		Maydanwardag	38,421.0	Polygon	34.482046253	68.174584905
Hirat	Number of persons excluding nomadic population (according to official estimates)		Hirat	491,967.0	Polygon	34.395992141	62.231052881
Hazrat-e- Sultan	Number of persons excluding nomadic population (according to official estimates)		Samangan	42,934.0	Polygon	36.336484176	67.867910716
Hazarsumoch	Number of persons excluding nomadic population (according to official estimates)		Takhar	14,270.0	Polygon	36.917860087	69.586041454
Gyan	Number of persons excluding nomadic population (according to official estimates)		Pakteka	36,104.0	Polygon	32.964521753	69.416328137
Guzargah-e- Nor	Number of persons excluding nomadic population (according to official estimates)		Baghlan	10,490.0	Polygon	36.239068806	69.569897147
Guzara	Number of persons excluding nomadic population (according to official estimates)		Hirat	152,342.0	Polygon	34.040951526	62.013877940
Gurbuz	Number of persons excluding nomadic population (according to official estimates)		Khost	27,200.0	Polygon	33.205471085	69.920756411
Gulran	Number of persons excluding nomadic population (according to official estimates)		Hirat	97,700.0	Polygon	35.111465799	61.695729004
Gulistan	Number of persons excluding nomadic population (according to official estimates)		Farah	45,008.0	Polygon	32.605984376	63.587016672
Guldara	Number of persons excluding nomadic population (according to official estimates)		Kabul	23,784.0	Polygon	34.755451447	68.997224832
Goshta	Number of persons excluding nomadic population (according to official estimates)		Nangarhar	28,298.0	Polygon	34.455503819	70.877188116
Gosfandi	Number of persons excluding nomadic population (according to official estimates)		Sar-e-Pul	58,790.0	Polygon	35.915105912	66.577707864
Gomal	Number of persons excluding nomadic population (according to official estimates)		Pakteka	8,050.0	Polygon	32.393969826	68.981887014
Ghoryan	Number of persons excluding nomadic population (according to official estimates)		Hirat	92,670.0	Polygon	34.133680148	61.053751143
Ghormach	Number of persons excluding nomadic population (according to official estimates)		Badghes	57,205.0	Polygon	35.734121117	63.811634336
Ghorband	Number of persons excluding nomadic population (according to official estimates)		Parwan	100,383.0	Polygon	34.987058184	68.799341351
Ghorak	Number of persons excluding nomadic population (according to official estimates)		Kandahar	10,002.0	Polygon	32.090009862	65.197942438
Ghazni	Number of persons excluding nomadic population (according to official estimates)		Ghazni	169,929.0	Polygon	33.541806701	68.441991463
Ghaziabad	Number of persons excluding nomadic population (according to official estimates)		Kunarha	19,393.0	Polygon	35.209863317	71.320771065
Gezab	Number of persons excluding nomadic population (according to official estimates)		Uruzgan	70,307.0	Polygon	33.335670715	66.448068913
Gero	Number of persons excluding nomadic population (according to official estimates)		Ghazni	37,933.0	Polygon	33.064457344	68.373547139
Gelan	Number of persons excluding nomadic population (according to official estimates)		Ghazni	60,010.0	Polygon	32.693350254	67.670183267
Garzewan	Number of persons excluding nomadic population (according to official estimates)		Faryab	78,672.0	Polygon	35.621253404	65.320886035
Garmser	Number of persons excluding nomadic population (according to official estimates)		Hilmand	91,235.0	Polygon	30.435250884	64.245131100
Gardez	Number of persons excluding nomadic population (according to official estimates)		Paktya	87,219.0	Polygon	33.599864173	69.229342878
Firinggharo	Number of persons excluding nomadic population (according to official estimates)		Baghlan	17,198.0	Polygon	36.155049021	69.689614600
Feroznakhcher	Number of persons excluding nomadic population (according to official estimates)		Samangan	13,539.0	Polygon	36.468877884	67.554238921
Ferozkoh	Number of persons excluding nomadic population (according to official estimates)		Ghor	140,829.0	Polygon	34.735402196	65.370634075
Fayzabad	Number of persons excluding nomadic population (according to official estimates)		Jawzjan	43,178.0	Polygon	36.739860011	66.361957690
Fayzabad	Number of persons excluding nomadic population (according to official estimates)		Badakhshan	70,004.0	Polygon	37.217021886	70.628149991
Farza	Number of persons excluding nomadic population (according to official estimates)		Kabul	22,321.0	Polygon	34.791647809	69.011911825
Farsi	Number of persons excluding nomadic population (according to official estimates)		Hirat	31,834.0	Polygon	33.854230789	63.284100110
Farkhar	Number of persons excluding nomadic population (according to official estimates)		Takhar	48,637.0	Polygon	36.477265393	69.963273407
Farah	Number of persons excluding nomadic population (according to official estimates)		Farah	116,639.0	Polygon	32.234079573	62.222931662
Eshkashem	Number of persons excluding nomadic population (according to official estimates)		Badakhshan	14,392.0	Polygon	36.879764280	71.449282381
Durbaba	Number of persons excluding nomadic population (according to official estimates)		Nangarhar	24,150.0	Polygon	34.098841690	70.943708919
Doshi	Number of persons excluding nomadic population (according to official estimates)		Baghlan	69,402.0	Polygon	35.582003631	68.661702958
DoLayna	Number of persons excluding nomadic population (according to official estimates)		Ghor	37,445.0	Polygon	34.072791244	64.861074301
Doab	Number of persons excluding nomadic population (according to official estimates)		Noristan	8,172.0	Polygon	35.216128487	70.352879972
Desho	Number of persons excluding nomadic population (according to official estimates)		Hilmand	21,223.0	Polygon	29.853347025	63.259254888
Dela	Number of persons excluding nomadic population (according to official estimates)		Pakteka	26,102.0	Polygon	32.617662940	68.123294038
Dehyak	Number of persons excluding nomadic population (according to official estimates)		Ghazni	50,740.0	Polygon	33.483588991	68.702913126
Dehsalah	Number of persons excluding nomadic population (according to official estimates)		Baghlan	33,176.0	Polygon	35.763123553	69.309795504
Dehsabz	Number of persons excluding nomadic population (according to official estimates)		Kabul	56,107.0	Polygon	34.635628184	69.325030499
Dehrawud	Number of persons excluding nomadic population (according to official estimates)		Uruzgan	63,457.0	Polygon	32.635969326	65.498234981
Dehdadi	Number of persons excluding nomadic population (according to official estimates)		Balkh	70,012.0	Polygon	36.643032564	67.021263630
Dehbala	Number of persons excluding nomadic population (according to official estimates)		Nangarhar	41,836.0	Polygon	34.092341741	70.449203058
Daymerdad	Number of persons excluding nomadic population (according to official estimates)		Maydanwardag	32,200.0	Polygon	34.202832710	68.323236775
Daychopan	Number of persons excluding nomadic population (according to official estimates)		Zabul	40,861.0	Polygon	32.622723495	66.690930855
Dawlatyar	Number of persons excluding nomadic population (according to official estimates)		Ghor	33,908.0	Polygon	34.622615852	65.789997210
Dawlatshah	Number of persons excluding nomadic population (according to official estimates)		Laghman	34,518.0	Polygon	35.035909589	70.009790306
Dawlatabad	Number of persons excluding nomadic population (according to official estimates)		Faryab	50,539.0	Polygon	36.522791002	65.061929398
Dawlatabad	Number of persons excluding nomadic population (according to official estimates)		Balkh	109,057.0	Polygon	37.035584293	66.730300577
Dasht-e-Archi	Number of persons excluding nomadic population (according to official estimates)		Kunduz	87,963.0	Polygon	36.940463141	69.180031605
Dasht-e- Qala	Number of persons excluding nomadic population (according to official estimates)		Takhar	33,176.0	Polygon	37.196708722	69.503504765
Darzab	Number of persons excluding nomadic population (according to official estimates)		Jawzjan	51,025.0	Polygon	36.066903898	65.334179468
Darwaz-e-Balla	Number of persons excluding nomadic population (according to official estimates)		Badakhshan	27,444.0	Polygon	38.068286238	71.117601393
Darwaz	Number of persons excluding nomadic population (according to official estimates)		Badakhshan	24,028.0	Polygon	38.220782589	70.895069741
Darqad	Number of persons excluding nomadic population (according to official estimates)		Takhar	27,932.0	Polygon	37.411663012	69.521561561
Darayem	Number of persons excluding nomadic population (according to official estimates)		Badakhshan	63,913.0	Polygon	36.892505263	70.412044174
Dara-e-Pech	Number of persons excluding nomadic population (according to official estimates)		Kunarha	56,717.0	Polygon	34.931473452	70.911378736
Dara-e-Nor	Number of persons excluding nomadic population (according to official estimates)		Nangarhar	41,836.0	Polygon	34.717401596	70.599526786
Dara-e- Sof-e- Payin	Number of persons excluding nomadic population (according to official estimates)		Samangan	74,159.0	Polygon	35.948532037	67.297894113
Dara-e Sof-e-Bala	Number of persons excluding nomadic population (according to official estimates)		Samangan	67,084.0	Polygon	35.607097894	67.254314393
Dara	Number of persons excluding nomadic population (according to official estimates)		Panjsher	14,392.0	Polygon	35.233269388	69.746062506
Dangam	Number of persons excluding nomadic population (according to official estimates)		Kunarha	17,564.0	Polygon	35.015630618	71.446189475
Dand wa Patan	Number of persons excluding nomadic population (according to official estimates)		Paktya	27,564.0	Polygon	33.809267017	69.901954745
Daman	Number of persons excluding nomadic population (according to official estimates)		Kandahar	35,982.0	Polygon	31.156011038	65.741151778
Dahana-e-Ghori	Number of persons excluding nomadic population (according to official estimates)		Baghlan	61,118.0	Polygon	35.819114821	68.421620335
Chora	Number of persons excluding nomadic population (according to official estimates)		Uruzgan	53,057.0	Polygon	33.022579713	66.239688688
Chisht-e-Sharef	Number of persons excluding nomadic population (according to official estimates)		Hirat	24,638.0	Polygon	34.372016920	63.768442014
Chimtal	Number of persons excluding nomadic population (according to official estimates)		Balkh	95,138.0	Polygon	36.520381344	66.603756116
Chenarto	Number of persons excluding nomadic population (according to official estimates)		Uruzgan	53,057.0	Polygon	32.667817578	66.261826572
Chawkay	Number of persons excluding nomadic population (according to official estimates)		Kunarha	37,080.0	Polygon	34.745480640	70.862732854
Charsada	Number of persons excluding nomadic population (according to official estimates)		Ghor	28,420.0	Polygon	35.115234397	65.017518443
Charkint	Number of persons excluding nomadic population (according to official estimates)		Balkh	46,105.0	Polygon	36.348266172	67.267877408
Charkh	Number of persons excluding nomadic population (according to official estimates)		Logar	46,105.0	Polygon	33.822766339	68.903956498
Charekar	Number of persons excluding nomadic population (according to official estimates)		Parwan	184,229.0	Polygon	34.955631584	69.120881909
Chardarah	Number of persons excluding nomadic population (according to official estimates)		Kunduz	76,232.0	Polygon	36.662568433	68.575271627
Charburjak	Number of persons excluding nomadic population (according to official estimates)		Nemroz	27,444.0	Polygon	30.113317991	62.073903182
Charbolak	Number of persons excluding nomadic population (according to official estimates)		Balkh	84,038.0	Polygon	36.823814518	66.597198874
Chaparhar	Number of persons excluding nomadic population (according to official estimates)		Nangarhar	62,572.0	Polygon	34.298027307	70.367421844
Chapadara	Number of persons excluding nomadic population (according to official estimates)		Kunarha	32,200.0	Polygon	34.901138405	70.700644745
Chamkani	Number of persons excluding nomadic population (according to official estimates)		Paktya	51,838.0	Polygon	33.793513764	69.791159210
Chal	Number of persons excluding nomadic population (according to official estimates)		Takhar	29,273.0	Polygon	36.474079842	69.562077569
Chakhansor	Number of persons excluding nomadic population (according to official estimates)		Nemroz	24,638.0	Polygon	31.375183980	62.486654404
Chak	Number of persons excluding nomadic population (according to official estimates)		Maydanwardag	87,576.0	Polygon	34.085404354	68.516191841
Chaharasyab	Number of persons excluding nomadic population (according to official estimates)		Kabul	38,055.0	Polygon	34.393083913	69.084620392
Chahab	Number of persons excluding nomadic population (according to official estimates)		Takhar	82,044.0	MultiPolygon	37.426268759	69.928441227
Borka	Number of persons excluding nomadic population (according to official estimates)		Baghlan	24,760.0	Polygon	36.265304418	69.161207875
Birmil	Number of persons excluding nomadic population (according to official estimates)		Pakteka	36,104.0	Polygon	32.724119813	69.315476773
Bilcheragh	Number of persons excluding nomadic population (according to official estimates)		Faryab	54,155.0	Polygon	35.876337279	65.398608712
Bihsod	Number of persons excluding nomadic population (according to official estimates)		Nangarhar	117,946.0	Polygon	34.423904853	70.520494415
Bazarak	Number of persons excluding nomadic population (according to official estimates)		Panjsher	19,515.0	Polygon	35.383449395	69.497631869
Batikot	Number of persons excluding nomadic population (according to official estimates)		Nangarhar	78,550.0	Polygon	34.304829019	70.721242972
Barkunar	Number of persons excluding nomadic population (according to official estimates)		Kunarha	22,808.0	Polygon	35.062438309	71.392415445
Barg-e- Matal	Number of persons excluding nomadic population (according to official estimates)		Noristan	16,100.0	Polygon	35.756716187	71.229678096
Barakibarak	Number of persons excluding nomadic population (according to official estimates)		Logar	90,972.0	Polygon	33.901932678	68.892872806
Bangi	Number of persons excluding nomadic population (according to official estimates)		Takhar	36,470.0	Polygon	36.616510609	69.336676881
Bamyan	Number of persons excluding nomadic population (according to official estimates)		Bamyan	86,766.0	Polygon	34.755695247	67.640390736
Balkhab	Number of persons excluding nomadic population (according to official estimates)		Sar-e-Pul	52,204.0	Polygon	35.484524629	66.583430031
Balkh	Number of persons excluding nomadic population (according to official estimates)		Balkh	124,558.0	Polygon	36.807652779	66.881765044
Balabulok	Number of persons excluding nomadic population (according to official estimates)		Farah	74,159.0	Polygon	32.737798633	62.700829569
Bakwa	Number of persons excluding nomadic population (according to official estimates)		Farah	36,836.0	Polygon	32.224929824	62.864123391
Bak	Number of persons excluding nomadic population (according to official estimates)		Khost	22,930.0	Polygon	33.546178765	70.038517858
Baharak	Number of persons excluding nomadic population (according to official estimates)		Takhar	32,078.0	Polygon	36.872637399	69.414691631
Baharak	Number of persons excluding nomadic population (according to official estimates)		Badakhshan	29,883.0	Polygon	37.017329105	70.910622712
Bagrami	Number of persons excluding nomadic population (according to official estimates)		Kabul	57,571.0	Polygon	34.489119620	69.305418199
Bagram	Number of persons excluding nomadic population (according to official estimates)		Parwan	107,579.0	Polygon	34.905671194	69.377715962
Baghran	Number of persons excluding nomadic population (according to official estimates)		Hilmand	67,147.0	Polygon	33.151625438	65.152843174
Baghlan-e-Jadid	Number of persons excluding nomadic population (according to official estimates)		Baghlan	180,421.0	Polygon	36.297338871	68.720497438
Azra	Number of persons excluding nomadic population (according to official estimates)		Logar	21,101.0	Polygon	34.044535323	69.661232025
Aybak	Number of persons excluding nomadic population (according to official estimates)		Samangan	108,098.0	Polygon	36.235102852	68.237776620
Atghar	Number of persons excluding nomadic population (according to official estimates)		Zabul	9,026.0	Polygon	31.727598688	67.331239967
Ashtarlay	Number of persons excluding nomadic population (according to official estimates)		Daykundi	49,398.0	Polygon	34.072370872	66.345688375
Asadabad	Number of persons excluding nomadic population (according to official estimates)		Kunarha	34,889.0	Polygon	34.859883196	71.117063936
Argo	Number of persons excluding nomadic population (according to official estimates)		Badakhshan	81,355.0	Polygon	37.031001769	70.413852133
Arghistan	Number of persons excluding nomadic population (according to official estimates)		Kandahar	35,738.0	Polygon	31.546577627	66.647431528
Arghanjkhwa	Number of persons excluding nomadic population (according to official estimates)		Badakhshan	16,710.0	Polygon	37.366577279	70.970671847
Arghandab	Number of persons excluding nomadic population (according to official estimates)		Zabul	33,908.0	Polygon	32.499331855	66.919664288
Arghandab	Number of persons excluding nomadic population (according to official estimates)		Kandahar	64,279.0	Polygon	31.723683444	65.628920871
Aqcha	Number of persons excluding nomadic population (according to official estimates)		Jawzjan	79,515.0	Polygon	36.712205301	66.184469961
Andkhoy	Number of persons excluding nomadic population (according to official estimates)		Faryab	42,143.0	Polygon	36.840891178	65.290102945
Andarab	Number of persons excluding nomadic population (according to official estimates)		Baghlan	26,468.0	Polygon	35.604740897	69.187512666
Andar	Number of persons excluding nomadic population (according to official estimates)		Ghazni	129,412.0	Polygon	33.296151726	68.452393490
Anardara	Number of persons excluding nomadic population (according to official estimates)		Farah	28,907.0	Polygon	32.708645163	61.606862721
Almar	Number of persons excluding nomadic population (according to official estimates)		Faryab	72,939.0	Polygon	35.810810021	64.383691422
Alishang	Number of persons excluding nomadic population (according to official estimates)		Laghman	74,037.0	Polygon	34.866428796	70.072182845
Alingar	Number of persons excluding nomadic population (according to official estimates)		Laghman	100,383.0	Polygon	34.833038145	70.425705197
Aliabad	Number of persons excluding nomadic population (according to official estimates)		Kunduz	48,910.0	Polygon	36.548557665	68.837054574
Alasay	Number of persons excluding nomadic population (according to official estimates)		Kapisa	39,275.0	Polygon	34.916671750	69.813422285
Ajristan	Number of persons excluding nomadic population (according to official estimates)		Ghazni	29,883.0	Polygon	33.520051704	67.096810149
Ahmadaba	Number of persons excluding nomadic population (according to official estimates)		Paktya	28,908.0	Polygon	33.784921585	69.345758184
Adraskan	Number of persons excluding nomadic population (according to official estimates)		Hirat	55,741.0	Polygon	33.720149864	61.816467736
Achen	Number of persons excluding nomadic population (according to official estimates)		Nangarhar	104,042.0	Polygon	34.056652727	70.650371377
Abkamari	Number of persons excluding nomadic population (according to official estimates)		Badghes	76,354.0	Polygon	35.013637858	62.966458582
Abband	Number of persons excluding nomadic population (according to official estimates)		Ghazni	28,542.0	Polygon	32.893678743	68.071408116
